"filename", "language", "JavaScript", "JSON", "JSON with Comments", "TypeScript JSX", "XML", "TypeScript", "Markdown", "CSS", "comment", "blank", "total"
"/Users/fgrimm/Desktop/CODE/sb-silverweb-beta/.eslintrc.json", "JSON with Comments", 0, 0, 7, 0, 0, 0, 0, 0, 0, 1, 8
"/Users/fgrimm/Desktop/CODE/sb-silverweb-beta/.storybook/global.css", "CSS", 0, 0, 0, 0, 0, 0, 0, 92, 0, 11, 103
"/Users/fgrimm/Desktop/CODE/sb-silverweb-beta/.storybook/main.ts", "TypeScript", 0, 0, 0, 0, 0, 34, 0, 0, 0, 2, 36
"/Users/fgrimm/Desktop/CODE/sb-silverweb-beta/.storybook/manager.ts", "TypeScript", 0, 0, 0, 0, 0, 11, 0, 0, 0, 1, 12
"/Users/fgrimm/Desktop/CODE/sb-silverweb-beta/.storybook/preview.tsx", "TypeScript JSX", 0, 0, 0, 47, 0, 0, 0, 0, 0, 3, 50
"/Users/fgrimm/Desktop/CODE/sb-silverweb-beta/README.md", "Markdown", 0, 0, 0, 0, 0, 0, 23, 0, 0, 14, 37
"/Users/fgrimm/Desktop/CODE/sb-silverweb-beta/app/(pages)/(sb)/(content)/about/page.tsx", "TypeScript JSX", 0, 0, 0, 6, 0, 0, 0, 0, 0, 2, 8
"/Users/fgrimm/Desktop/CODE/sb-silverweb-beta/app/(pages)/(sb)/(content)/template.tsx", "TypeScript JSX", 0, 0, 0, 16, 0, 0, 0, 0, 0, 2, 18
"/Users/fgrimm/Desktop/CODE/sb-silverweb-beta/app/(pages)/(sb)/(landing)/page.tsx", "TypeScript JSX", 0, 0, 0, 1032, 0, 0, 0, 0, 0, 11, 1043
"/Users/fgrimm/Desktop/CODE/sb-silverweb-beta/app/(pages)/sw/page.tsx", "TypeScript JSX", 0, 0, 0, 9, 0, 0, 0, 0, 0, 2, 11
"/Users/fgrimm/Desktop/CODE/sb-silverweb-beta/app/globals.css", "CSS", 0, 0, 0, 0, 0, 0, 0, 130, 0, 15, 145
"/Users/fgrimm/Desktop/CODE/sb-silverweb-beta/app/layout.tsx", "TypeScript JSX", 0, 0, 0, 25, 0, 0, 0, 0, 0, 3, 28
"/Users/fgrimm/Desktop/CODE/sb-silverweb-beta/components.json", "JSON", 0, 16, 0, 0, 0, 0, 0, 0, 0, 0, 16
"/Users/fgrimm/Desktop/CODE/sb-silverweb-beta/components/EmptyComp.tsx", "TypeScript JSX", 0, 0, 0, 8, 0, 0, 0, 0, 0, 2, 10
"/Users/fgrimm/Desktop/CODE/sb-silverweb-beta/components/provider/ThemeProvider.tsx", "TypeScript JSX", 0, 0, 0, 7, 0, 0, 0, 0, 0, 3, 10
"/Users/fgrimm/Desktop/CODE/sb-silverweb-beta/components/silverback/AppIcon.tsx", "TypeScript JSX", 0, 0, 0, 15, 0, 0, 0, 0, 0, 2, 17
"/Users/fgrimm/Desktop/CODE/sb-silverweb-beta/components/silverback/BurgerMenuIcon.tsx", "TypeScript JSX", 0, 0, 0, 86, 0, 0, 0, 0, 63, 12, 161
"/Users/fgrimm/Desktop/CODE/sb-silverweb-beta/components/silverback/Cobe.tsx", "TypeScript JSX", 0, 0, 0, 115, 0, 0, 0, 0, 50, 11, 176
"/Users/fgrimm/Desktop/CODE/sb-silverweb-beta/components/silverback/Footer.tsx", "TypeScript JSX", 0, 0, 0, 275, 0, 0, 0, 0, 0, 3, 278
"/Users/fgrimm/Desktop/CODE/sb-silverweb-beta/components/silverback/Logo.tsx", "TypeScript JSX", 0, 0, 0, 25, 0, 0, 0, 0, 7, 2, 34
"/Users/fgrimm/Desktop/CODE/sb-silverweb-beta/components/silverback/Navbar.tsx", "TypeScript JSX", 0, 0, 0, 411, 0, 0, 0, 0, 0, 5, 416
"/Users/fgrimm/Desktop/CODE/sb-silverweb-beta/components/silverback/User.tsx", "TypeScript JSX", 0, 0, 0, 231, 0, 0, 0, 0, 10, 6, 247
"/Users/fgrimm/Desktop/CODE/sb-silverweb-beta/components/silverweb/app/FormBuilder/FormBuilder.tsx", "TypeScript JSX", 0, 0, 0, 20, 0, 0, 0, 0, 0, 3, 23
"/Users/fgrimm/Desktop/CODE/sb-silverweb-beta/components/silverweb/app/FormBuilder/index.tsx", "TypeScript JSX", 0, 0, 0, 2, 0, 0, 0, 0, 0, 1, 3
"/Users/fgrimm/Desktop/CODE/sb-silverweb-beta/components/silverweb/app/FormBuilder/types.ts", "TypeScript", 0, 0, 0, 0, 0, 17, 0, 0, 0, 6, 23
"/Users/fgrimm/Desktop/CODE/sb-silverweb-beta/components/silverweb/app/Map/RawMap.tsx", "TypeScript JSX", 0, 0, 0, 128, 0, 0, 0, 0, 6, 6, 140
"/Users/fgrimm/Desktop/CODE/sb-silverweb-beta/components/silverweb/app/Map/index.tsx", "TypeScript JSX", 0, 0, 0, 24, 0, 0, 0, 0, 0, 3, 27
"/Users/fgrimm/Desktop/CODE/sb-silverweb-beta/components/silverweb/cards/BusinessCard.tsx", "TypeScript JSX", 0, 0, 0, 87, 0, 0, 0, 0, 0, 2, 89
"/Users/fgrimm/Desktop/CODE/sb-silverweb-beta/components/silverweb/cards/ContactCard.tsx", "TypeScript JSX", 0, 0, 0, 71, 0, 0, 0, 0, 0, 2, 73
"/Users/fgrimm/Desktop/CODE/sb-silverweb-beta/components/silverweb/cards/FileCard.tsx", "TypeScript JSX", 0, 0, 0, 144, 0, 0, 0, 0, 0, 4, 148
"/Users/fgrimm/Desktop/CODE/sb-silverweb-beta/components/silverweb/cards/LoadingCard.tsx", "TypeScript JSX", 0, 0, 0, 16, 0, 0, 0, 0, 0, 2, 18
"/Users/fgrimm/Desktop/CODE/sb-silverweb-beta/components/silverweb/cards/Tools.tsx", "TypeScript JSX", 0, 0, 0, 86, 0, 0, 0, 0, 0, 5, 91
"/Users/fgrimm/Desktop/CODE/sb-silverweb-beta/components/silverweb/inputs/CheckboxInput.tsx", "TypeScript JSX", 0, 0, 0, 73, 0, 0, 0, 0, 0, 7, 80
"/Users/fgrimm/Desktop/CODE/sb-silverweb-beta/components/silverweb/inputs/ComboBox.tsx", "TypeScript JSX", 0, 0, 0, 154, 0, 0, 0, 0, 0, 5, 159
"/Users/fgrimm/Desktop/CODE/sb-silverweb-beta/components/silverweb/inputs/DatePicker.tsx", "TypeScript JSX", 0, 0, 0, 69, 0, 0, 0, 0, 0, 5, 74
"/Users/fgrimm/Desktop/CODE/sb-silverweb-beta/components/silverweb/inputs/DateRangePicker.tsx", "TypeScript JSX", 0, 0, 0, 102, 0, 0, 0, 0, 0, 8, 110
"/Users/fgrimm/Desktop/CODE/sb-silverweb-beta/components/silverweb/inputs/EmailInput.tsx", "TypeScript JSX", 0, 0, 0, 32, 0, 0, 0, 0, 0, 5, 37
"/Users/fgrimm/Desktop/CODE/sb-silverweb-beta/components/silverweb/inputs/FileUploader.tsx", "TypeScript JSX", 0, 0, 0, 388, 0, 0, 0, 0, 2, 14, 404
"/Users/fgrimm/Desktop/CODE/sb-silverweb-beta/components/silverweb/inputs/LoadingInput.tsx", "TypeScript JSX", 0, 0, 0, 142, 0, 0, 0, 0, 0, 7, 149
"/Users/fgrimm/Desktop/CODE/sb-silverweb-beta/components/silverweb/inputs/NumberInput.tsx", "TypeScript JSX", 0, 0, 0, 119, 0, 0, 0, 0, 0, 5, 124
"/Users/fgrimm/Desktop/CODE/sb-silverweb-beta/components/silverweb/inputs/PasswordInput.tsx", "TypeScript JSX", 0, 0, 0, 53, 0, 0, 0, 0, 0, 5, 58
"/Users/fgrimm/Desktop/CODE/sb-silverweb-beta/components/silverweb/inputs/PhoneInput.tsx", "TypeScript JSX", 0, 0, 0, 246, 0, 0, 0, 0, 0, 6, 252
"/Users/fgrimm/Desktop/CODE/sb-silverweb-beta/components/silverweb/inputs/RadioInput.tsx", "TypeScript JSX", 0, 0, 0, 100, 0, 0, 0, 0, 0, 7, 107
"/Users/fgrimm/Desktop/CODE/sb-silverweb-beta/components/silverweb/inputs/TextInput.tsx", "TypeScript JSX", 0, 0, 0, 29, 0, 0, 0, 0, 0, 5, 34
"/Users/fgrimm/Desktop/CODE/sb-silverweb-beta/components/silverweb/inputs/TextareaInput.tsx", "TypeScript JSX", 0, 0, 0, 34, 0, 0, 0, 0, 0, 5, 39
"/Users/fgrimm/Desktop/CODE/sb-silverweb-beta/components/silverweb/ui/LoadingNavbar.tsx", "TypeScript JSX", 0, 0, 0, 341, 0, 0, 0, 0, 2, 6, 349
"/Users/fgrimm/Desktop/CODE/sb-silverweb-beta/components/silverweb/ui/Navbar.tsx", "TypeScript JSX", 0, 0, 0, 306, 0, 0, 0, 0, 2, 5, 313
"/Users/fgrimm/Desktop/CODE/sb-silverweb-beta/components/ui/avatar.tsx", "TypeScript JSX", 0, 0, 0, 44, 0, 0, 0, 0, 0, 7, 51
"/Users/fgrimm/Desktop/CODE/sb-silverweb-beta/components/ui/badge.tsx", "TypeScript JSX", 0, 0, 0, 31, 0, 0, 0, 0, 0, 6, 37
"/Users/fgrimm/Desktop/CODE/sb-silverweb-beta/components/ui/button.tsx", "TypeScript JSX", 0, 0, 0, 52, 0, 0, 0, 0, 0, 6, 58
"/Users/fgrimm/Desktop/CODE/sb-silverweb-beta/components/ui/calendar.tsx", "TypeScript JSX", 0, 0, 0, 66, 0, 0, 0, 0, 0, 6, 72
"/Users/fgrimm/Desktop/CODE/sb-silverweb-beta/components/ui/card.tsx", "TypeScript JSX", 0, 0, 0, 68, 0, 0, 0, 0, 0, 9, 77
"/Users/fgrimm/Desktop/CODE/sb-silverweb-beta/components/ui/checkbox.tsx", "TypeScript JSX", 0, 0, 0, 26, 0, 0, 0, 0, 0, 5, 31
"/Users/fgrimm/Desktop/CODE/sb-silverweb-beta/components/ui/command.tsx", "TypeScript JSX", 0, 0, 0, 137, 0, 0, 0, 0, 0, 19, 156
"/Users/fgrimm/Desktop/CODE/sb-silverweb-beta/components/ui/dialog.tsx", "TypeScript JSX", 0, 0, 0, 107, 0, 0, 0, 0, 0, 13, 120
"/Users/fgrimm/Desktop/CODE/sb-silverweb-beta/components/ui/dropdown-menu.tsx", "TypeScript JSX", 0, 0, 0, 187, 0, 0, 0, 0, 0, 19, 206
"/Users/fgrimm/Desktop/CODE/sb-silverweb-beta/components/ui/form.tsx", "TypeScript JSX", 0, 0, 0, 152, 0, 0, 0, 0, 0, 25, 177
"/Users/fgrimm/Desktop/CODE/sb-silverweb-beta/components/ui/hover-card.tsx", "TypeScript JSX", 0, 0, 0, 23, 0, 0, 0, 0, 0, 7, 30
"/Users/fgrimm/Desktop/CODE/sb-silverweb-beta/components/ui/input.tsx", "TypeScript JSX", 0, 0, 0, 49, 0, 0, 0, 0, 0, 5, 54
"/Users/fgrimm/Desktop/CODE/sb-silverweb-beta/components/ui/label.tsx", "TypeScript JSX", 0, 0, 0, 21, 0, 0, 0, 0, 0, 6, 27
"/Users/fgrimm/Desktop/CODE/sb-silverweb-beta/components/ui/navigation-menu.tsx", "TypeScript JSX", 0, 0, 0, 117, 0, 0, 0, 0, 0, 12, 129
"/Users/fgrimm/Desktop/CODE/sb-silverweb-beta/components/ui/popover.tsx", "TypeScript JSX", 0, 0, 0, 25, 0, 0, 0, 0, 0, 7, 32
"/Users/fgrimm/Desktop/CODE/sb-silverweb-beta/components/ui/radio-group.tsx", "TypeScript JSX", 0, 0, 0, 39, 0, 0, 0, 0, 0, 5, 44
"/Users/fgrimm/Desktop/CODE/sb-silverweb-beta/components/ui/scroll-area.tsx", "TypeScript JSX", 0, 0, 0, 43, 0, 0, 0, 0, 0, 6, 49
"/Users/fgrimm/Desktop/CODE/sb-silverweb-beta/components/ui/separator.tsx", "TypeScript JSX", 0, 0, 0, 27, 0, 0, 0, 0, 0, 5, 32
"/Users/fgrimm/Desktop/CODE/sb-silverweb-beta/components/ui/sheet.tsx", "TypeScript JSX", 0, 0, 0, 128, 0, 0, 0, 0, 0, 16, 144
"/Users/fgrimm/Desktop/CODE/sb-silverweb-beta/components/ui/skeleton.tsx", "TypeScript JSX", 0, 0, 0, 13, 0, 0, 0, 0, 0, 3, 16
"/Users/fgrimm/Desktop/CODE/sb-silverweb-beta/components/ui/textarea.tsx", "TypeScript JSX", 0, 0, 0, 20, 0, 0, 0, 0, 0, 5, 25
"/Users/fgrimm/Desktop/CODE/sb-silverweb-beta/components/ui/toast.tsx", "TypeScript JSX", 0, 0, 0, 115, 0, 0, 0, 0, 0, 13, 128
"/Users/fgrimm/Desktop/CODE/sb-silverweb-beta/components/ui/toaster.tsx", "TypeScript JSX", 0, 0, 0, 32, 0, 0, 0, 0, 0, 4, 36
"/Users/fgrimm/Desktop/CODE/sb-silverweb-beta/components/ui/use-toast.ts", "TypeScript", 0, 0, 0, 0, 0, 159, 0, 0, 3, 31, 193
"/Users/fgrimm/Desktop/CODE/sb-silverweb-beta/config/fonts.ts", "TypeScript", 0, 0, 0, 0, 0, 37, 0, 0, 0, 2, 39
"/Users/fgrimm/Desktop/CODE/sb-silverweb-beta/config/site.ts", "TypeScript", 0, 0, 0, 0, 0, 42, 0, 0, 0, 2, 44
"/Users/fgrimm/Desktop/CODE/sb-silverweb-beta/lib/Provider.tsx", "TypeScript JSX", 0, 0, 0, 16, 0, 0, 0, 0, 0, 2, 18
"/Users/fgrimm/Desktop/CODE/sb-silverweb-beta/lib/phone-prefix.json.tsx", "TypeScript JSX", 0, 0, 0, 1202, 0, 0, 0, 0, 0, 0, 1202
"/Users/fgrimm/Desktop/CODE/sb-silverweb-beta/lib/utils.ts", "TypeScript", 0, 0, 0, 0, 0, 5, 0, 0, 0, 2, 7
"/Users/fgrimm/Desktop/CODE/sb-silverweb-beta/next.config.js", "JavaScript", 2, 0, 0, 0, 0, 0, 0, 0, 1, 2, 5
"/Users/fgrimm/Desktop/CODE/sb-silverweb-beta/package-lock.json", "JSON", 0, 21270, 0, 0, 0, 0, 0, 0, 0, 1, 21271
"/Users/fgrimm/Desktop/CODE/sb-silverweb-beta/package.json", "JSON", 0, 76, 0, 0, 0, 0, 0, 0, 0, 1, 77
"/Users/fgrimm/Desktop/CODE/sb-silverweb-beta/postcss.config.js", "JavaScript", 6, 0, 0, 0, 0, 0, 0, 0, 0, 1, 7
"/Users/fgrimm/Desktop/CODE/sb-silverweb-beta/public/flags/ad.svg", "XML", 0, 0, 0, 0, 150, 0, 0, 0, 0, 1, 151
"/Users/fgrimm/Desktop/CODE/sb-silverweb-beta/public/flags/ae.svg", "XML", 0, 0, 0, 0, 6, 0, 0, 0, 0, 1, 7
"/Users/fgrimm/Desktop/CODE/sb-silverweb-beta/public/flags/af.svg", "XML", 0, 0, 0, 0, 81, 0, 0, 0, 0, 1, 82
"/Users/fgrimm/Desktop/CODE/sb-silverweb-beta/public/flags/ag.svg", "XML", 0, 0, 0, 0, 14, 0, 0, 0, 0, 1, 15
"/Users/fgrimm/Desktop/CODE/sb-silverweb-beta/public/flags/ai.svg", "XML", 0, 0, 0, 0, 758, 0, 0, 0, 0, 1, 759
"/Users/fgrimm/Desktop/CODE/sb-silverweb-beta/public/flags/al.svg", "XML", 0, 0, 0, 0, 5, 0, 0, 0, 0, 1, 6
"/Users/fgrimm/Desktop/CODE/sb-silverweb-beta/public/flags/am.svg", "XML", 0, 0, 0, 0, 5, 0, 0, 0, 0, 1, 6
"/Users/fgrimm/Desktop/CODE/sb-silverweb-beta/public/flags/an.svg", "XML", 0, 0, 0, 0, 1, 0, 0, 0, 0, 0, 1
"/Users/fgrimm/Desktop/CODE/sb-silverweb-beta/public/flags/ao.svg", "XML", 0, 0, 0, 0, 13, 0, 0, 0, 0, 1, 14
"/Users/fgrimm/Desktop/CODE/sb-silverweb-beta/public/flags/aq.svg", "XML", 0, 0, 0, 0, 5, 0, 0, 0, 0, 1, 6
"/Users/fgrimm/Desktop/CODE/sb-silverweb-beta/public/flags/ar.svg", "XML", 0, 0, 0, 0, 32, 0, 0, 0, 0, 1, 33
"/Users/fgrimm/Desktop/CODE/sb-silverweb-beta/public/flags/as.svg", "XML", 0, 0, 0, 0, 72, 0, 0, 0, 0, 1, 73
"/Users/fgrimm/Desktop/CODE/sb-silverweb-beta/public/flags/at.svg", "XML", 0, 0, 0, 0, 6, 0, 0, 0, 0, 1, 7
"/Users/fgrimm/Desktop/CODE/sb-silverweb-beta/public/flags/au.svg", "XML", 0, 0, 0, 0, 8, 0, 0, 0, 0, 1, 9
"/Users/fgrimm/Desktop/CODE/sb-silverweb-beta/public/flags/aw.svg", "XML", 0, 0, 0, 0, 186, 0, 0, 0, 0, 1, 187
"/Users/fgrimm/Desktop/CODE/sb-silverweb-beta/public/flags/az.svg", "XML", 0, 0, 0, 0, 8, 0, 0, 0, 0, 1, 9
"/Users/fgrimm/Desktop/CODE/sb-silverweb-beta/public/flags/ba.svg", "XML", 0, 0, 0, 0, 12, 0, 0, 0, 0, 1, 13
"/Users/fgrimm/Desktop/CODE/sb-silverweb-beta/public/flags/bb.svg", "XML", 0, 0, 0, 0, 6, 0, 0, 0, 0, 1, 7
"/Users/fgrimm/Desktop/CODE/sb-silverweb-beta/public/flags/bd.svg", "XML", 0, 0, 0, 0, 4, 0, 0, 0, 0, 1, 5
"/Users/fgrimm/Desktop/CODE/sb-silverweb-beta/public/flags/be.svg", "XML", 0, 0, 0, 0, 7, 0, 0, 0, 0, 1, 8
"/Users/fgrimm/Desktop/CODE/sb-silverweb-beta/public/flags/bf.svg", "XML", 0, 0, 0, 0, 7, 0, 0, 0, 0, 1, 8
"/Users/fgrimm/Desktop/CODE/sb-silverweb-beta/public/flags/bg.svg", "XML", 0, 0, 0, 0, 7, 0, 0, 0, 0, 1, 8
"/Users/fgrimm/Desktop/CODE/sb-silverweb-beta/public/flags/bh.svg", "XML", 0, 0, 0, 0, 4, 0, 0, 0, 0, 1, 5
"/Users/fgrimm/Desktop/CODE/sb-silverweb-beta/public/flags/bi.svg", "XML", 0, 0, 0, 0, 15, 0, 0, 0, 0, 1, 16
"/Users/fgrimm/Desktop/CODE/sb-silverweb-beta/public/flags/bj.svg", "XML", 0, 0, 0, 0, 14, 0, 0, 0, 0, 1, 15
"/Users/fgrimm/Desktop/CODE/sb-silverweb-beta/public/flags/bl.svg", "XML", 0, 0, 0, 0, 5, 0, 0, 0, 0, 1, 6
"/Users/fgrimm/Desktop/CODE/sb-silverweb-beta/public/flags/bm.svg", "XML", 0, 0, 0, 0, 97, 0, 0, 0, 0, 1, 98
"/Users/fgrimm/Desktop/CODE/sb-silverweb-beta/public/flags/bn.svg", "XML", 0, 0, 0, 0, 36, 0, 0, 0, 0, 1, 37
"/Users/fgrimm/Desktop/CODE/sb-silverweb-beta/public/flags/bo.svg", "XML", 0, 0, 0, 0, 676, 0, 0, 0, 0, 1, 677
"/Users/fgrimm/Desktop/CODE/sb-silverweb-beta/public/flags/br.svg", "XML", 0, 0, 0, 0, 45, 0, 0, 0, 0, 1, 46
"/Users/fgrimm/Desktop/CODE/sb-silverweb-beta/public/flags/bs.svg", "XML", 0, 0, 0, 0, 13, 0, 0, 0, 0, 1, 14
"/Users/fgrimm/Desktop/CODE/sb-silverweb-beta/public/flags/bt.svg", "XML", 0, 0, 0, 0, 89, 0, 0, 0, 0, 1, 90
"/Users/fgrimm/Desktop/CODE/sb-silverweb-beta/public/flags/bw.svg", "XML", 0, 0, 0, 0, 7, 0, 0, 0, 0, 1, 8
"/Users/fgrimm/Desktop/CODE/sb-silverweb-beta/public/flags/by.svg", "XML", 0, 0, 0, 0, 20, 0, 0, 0, 0, 1, 21
"/Users/fgrimm/Desktop/CODE/sb-silverweb-beta/public/flags/bz.svg", "XML", 0, 0, 0, 0, 145, 0, 0, 0, 0, 1, 146
"/Users/fgrimm/Desktop/CODE/sb-silverweb-beta/public/flags/ca.svg", "XML", 0, 0, 0, 0, 4, 0, 0, 0, 0, 1, 5
"/Users/fgrimm/Desktop/CODE/sb-silverweb-beta/public/flags/cc.svg", "XML", 0, 0, 0, 0, 19, 0, 0, 0, 0, 1, 20
"/Users/fgrimm/Desktop/CODE/sb-silverweb-beta/public/flags/cd.svg", "XML", 0, 0, 0, 0, 5, 0, 0, 0, 0, 1, 6
"/Users/fgrimm/Desktop/CODE/sb-silverweb-beta/public/flags/cf.svg", "XML", 0, 0, 0, 0, 15, 0, 0, 0, 0, 1, 16
"/Users/fgrimm/Desktop/CODE/sb-silverweb-beta/public/flags/cg.svg", "XML", 0, 0, 0, 0, 12, 0, 0, 0, 0, 1, 13
"/Users/fgrimm/Desktop/CODE/sb-silverweb-beta/public/flags/ch.svg", "XML", 0, 0, 0, 0, 9, 0, 0, 0, 0, 1, 10
"/Users/fgrimm/Desktop/CODE/sb-silverweb-beta/public/flags/ci.svg", "XML", 0, 0, 0, 0, 7, 0, 0, 0, 0, 1, 8
"/Users/fgrimm/Desktop/CODE/sb-silverweb-beta/public/flags/ck.svg", "XML", 0, 0, 0, 0, 9, 0, 0, 0, 0, 1, 10
"/Users/fgrimm/Desktop/CODE/sb-silverweb-beta/public/flags/cl.svg", "XML", 0, 0, 0, 0, 13, 0, 0, 0, 0, 1, 14
"/Users/fgrimm/Desktop/CODE/sb-silverweb-beta/public/flags/cm.svg", "XML", 0, 0, 0, 0, 15, 0, 0, 0, 0, 1, 16
"/Users/fgrimm/Desktop/CODE/sb-silverweb-beta/public/flags/cn.svg", "XML", 0, 0, 0, 0, 11, 0, 0, 0, 0, 1, 12
"/Users/fgrimm/Desktop/CODE/sb-silverweb-beta/public/flags/co.svg", "XML", 0, 0, 0, 0, 7, 0, 0, 0, 0, 1, 8
"/Users/fgrimm/Desktop/CODE/sb-silverweb-beta/public/flags/cr.svg", "XML", 0, 0, 0, 0, 7, 0, 0, 0, 0, 1, 8
"/Users/fgrimm/Desktop/CODE/sb-silverweb-beta/public/flags/cu.svg", "XML", 0, 0, 0, 0, 13, 0, 0, 0, 0, 1, 14
"/Users/fgrimm/Desktop/CODE/sb-silverweb-beta/public/flags/cv.svg", "XML", 0, 0, 0, 0, 13, 0, 0, 0, 0, 1, 14
"/Users/fgrimm/Desktop/CODE/sb-silverweb-beta/public/flags/cw.svg", "XML", 0, 0, 0, 0, 14, 0, 0, 0, 0, 1, 15
"/Users/fgrimm/Desktop/CODE/sb-silverweb-beta/public/flags/cx.svg", "XML", 0, 0, 0, 0, 15, 0, 0, 0, 0, 1, 16
"/Users/fgrimm/Desktop/CODE/sb-silverweb-beta/public/flags/cy.svg", "XML", 0, 0, 0, 0, 6, 0, 0, 0, 0, 1, 7
"/Users/fgrimm/Desktop/CODE/sb-silverweb-beta/public/flags/cz.svg", "XML", 0, 0, 0, 0, 5, 0, 0, 0, 0, 1, 6
"/Users/fgrimm/Desktop/CODE/sb-silverweb-beta/public/flags/de.svg", "XML", 0, 0, 0, 0, 5, 0, 0, 0, 0, 1, 6
"/Users/fgrimm/Desktop/CODE/sb-silverweb-beta/public/flags/dj.svg", "XML", 0, 0, 0, 0, 13, 0, 0, 0, 0, 1, 14
"/Users/fgrimm/Desktop/CODE/sb-silverweb-beta/public/flags/dk.svg", "XML", 0, 0, 0, 0, 5, 0, 0, 0, 0, 1, 6
"/Users/fgrimm/Desktop/CODE/sb-silverweb-beta/public/flags/dm.svg", "XML", 0, 0, 0, 0, 152, 0, 0, 0, 0, 1, 153
"/Users/fgrimm/Desktop/CODE/sb-silverweb-beta/public/flags/do.svg", "XML", 0, 0, 0, 0, 129, 0, 0, 0, 0, 1, 130
"/Users/fgrimm/Desktop/CODE/sb-silverweb-beta/public/flags/dz.svg", "XML", 0, 0, 0, 0, 5, 0, 0, 0, 0, 1, 6
"/Users/fgrimm/Desktop/CODE/sb-silverweb-beta/public/flags/ec.svg", "XML", 0, 0, 0, 0, 138, 0, 0, 0, 0, 1, 139
"/Users/fgrimm/Desktop/CODE/sb-silverweb-beta/public/flags/ee.svg", "XML", 0, 0, 0, 0, 7, 0, 0, 0, 0, 1, 8
"/Users/fgrimm/Desktop/CODE/sb-silverweb-beta/public/flags/eg.svg", "XML", 0, 0, 0, 0, 38, 0, 0, 0, 0, 1, 39
"/Users/fgrimm/Desktop/CODE/sb-silverweb-beta/public/flags/eh.svg", "XML", 0, 0, 0, 0, 16, 0, 0, 0, 0, 1, 17
"/Users/fgrimm/Desktop/CODE/sb-silverweb-beta/public/flags/er.svg", "XML", 0, 0, 0, 0, 8, 0, 0, 0, 0, 1, 9
"/Users/fgrimm/Desktop/CODE/sb-silverweb-beta/public/flags/es.svg", "XML", 0, 0, 0, 0, 544, 0, 0, 0, 0, 1, 545
"/Users/fgrimm/Desktop/CODE/sb-silverweb-beta/public/flags/et.svg", "XML", 0, 0, 0, 0, 14, 0, 0, 0, 0, 1, 15
"/Users/fgrimm/Desktop/CODE/sb-silverweb-beta/public/flags/eu.svg", "XML", 0, 0, 0, 0, 28, 0, 0, 0, 0, 1, 29
"/Users/fgrimm/Desktop/CODE/sb-silverweb-beta/public/flags/fi.svg", "XML", 0, 0, 0, 0, 5, 0, 0, 0, 0, 1, 6
"/Users/fgrimm/Desktop/CODE/sb-silverweb-beta/public/flags/fj.svg", "XML", 0, 0, 0, 0, 120, 0, 0, 0, 0, 1, 121
"/Users/fgrimm/Desktop/CODE/sb-silverweb-beta/public/flags/fk.svg", "XML", 0, 0, 0, 0, 90, 0, 0, 0, 0, 1, 91
"/Users/fgrimm/Desktop/CODE/sb-silverweb-beta/public/flags/fm.svg", "XML", 0, 0, 0, 0, 11, 0, 0, 0, 0, 1, 12
"/Users/fgrimm/Desktop/CODE/sb-silverweb-beta/public/flags/fo.svg", "XML", 0, 0, 0, 0, 12, 0, 0, 0, 0, 1, 13
"/Users/fgrimm/Desktop/CODE/sb-silverweb-beta/public/flags/fr.svg", "XML", 0, 0, 0, 0, 5, 0, 0, 0, 0, 1, 6
"/Users/fgrimm/Desktop/CODE/sb-silverweb-beta/public/flags/ga.svg", "XML", 0, 0, 0, 0, 7, 0, 0, 0, 0, 1, 8
"/Users/fgrimm/Desktop/CODE/sb-silverweb-beta/public/flags/gb.svg", "XML", 0, 0, 0, 0, 7, 0, 0, 0, 0, 1, 8
"/Users/fgrimm/Desktop/CODE/sb-silverweb-beta/public/flags/gd.svg", "XML", 0, 0, 0, 0, 27, 0, 0, 0, 0, 1, 28
"/Users/fgrimm/Desktop/CODE/sb-silverweb-beta/public/flags/ge.svg", "XML", 0, 0, 0, 0, 6, 0, 0, 0, 0, 1, 7
"/Users/fgrimm/Desktop/CODE/sb-silverweb-beta/public/flags/gg.svg", "XML", 0, 0, 0, 0, 9, 0, 0, 0, 0, 1, 10
"/Users/fgrimm/Desktop/CODE/sb-silverweb-beta/public/flags/gh.svg", "XML", 0, 0, 0, 0, 6, 0, 0, 0, 0, 1, 7
"/Users/fgrimm/Desktop/CODE/sb-silverweb-beta/public/flags/gi.svg", "XML", 0, 0, 0, 0, 32, 0, 0, 0, 0, 1, 33
"/Users/fgrimm/Desktop/CODE/sb-silverweb-beta/public/flags/gl.svg", "XML", 0, 0, 0, 0, 4, 0, 0, 0, 0, 1, 5
"/Users/fgrimm/Desktop/CODE/sb-silverweb-beta/public/flags/gm.svg", "XML", 0, 0, 0, 0, 14, 0, 0, 0, 0, 1, 15
"/Users/fgrimm/Desktop/CODE/sb-silverweb-beta/public/flags/gn.svg", "XML", 0, 0, 0, 0, 7, 0, 0, 0, 0, 1, 8
"/Users/fgrimm/Desktop/CODE/sb-silverweb-beta/public/flags/gq.svg", "XML", 0, 0, 0, 0, 23, 0, 0, 0, 0, 1, 24
"/Users/fgrimm/Desktop/CODE/sb-silverweb-beta/public/flags/gr.svg", "XML", 0, 0, 0, 0, 16, 0, 0, 0, 0, 1, 17
"/Users/fgrimm/Desktop/CODE/sb-silverweb-beta/public/flags/gt.svg", "XML", 0, 0, 0, 0, 220, 0, 0, 0, 0, 1, 221
"/Users/fgrimm/Desktop/CODE/sb-silverweb-beta/public/flags/gu.svg", "XML", 0, 0, 0, 0, 23, 0, 0, 0, 0, 1, 24
"/Users/fgrimm/Desktop/CODE/sb-silverweb-beta/public/flags/gw.svg", "XML", 0, 0, 0, 0, 13, 0, 0, 0, 0, 1, 14
"/Users/fgrimm/Desktop/CODE/sb-silverweb-beta/public/flags/gy.svg", "XML", 0, 0, 0, 0, 9, 0, 0, 0, 0, 1, 10
"/Users/fgrimm/Desktop/CODE/sb-silverweb-beta/public/flags/hk.svg", "XML", 0, 0, 0, 0, 8, 0, 0, 0, 0, 0, 8
"/Users/fgrimm/Desktop/CODE/sb-silverweb-beta/public/flags/hn.svg", "XML", 0, 0, 0, 0, 18, 0, 0, 0, 0, 1, 19
"/Users/fgrimm/Desktop/CODE/sb-silverweb-beta/public/flags/hr.svg", "XML", 0, 0, 0, 0, 58, 0, 0, 0, 0, 1, 59
"/Users/fgrimm/Desktop/CODE/sb-silverweb-beta/public/flags/ht.svg", "XML", 0, 0, 0, 0, 116, 0, 0, 0, 0, 1, 117
"/Users/fgrimm/Desktop/CODE/sb-silverweb-beta/public/flags/hu.svg", "XML", 0, 0, 0, 0, 7, 0, 0, 0, 0, 1, 8
"/Users/fgrimm/Desktop/CODE/sb-silverweb-beta/public/flags/id.svg", "XML", 0, 0, 0, 0, 4, 0, 0, 0, 0, 1, 5
"/Users/fgrimm/Desktop/CODE/sb-silverweb-beta/public/flags/ie.svg", "XML", 0, 0, 0, 0, 7, 0, 0, 0, 0, 1, 8
"/Users/fgrimm/Desktop/CODE/sb-silverweb-beta/public/flags/il.svg", "XML", 0, 0, 0, 0, 14, 0, 0, 0, 0, 1, 15
"/Users/fgrimm/Desktop/CODE/sb-silverweb-beta/public/flags/im.svg", "XML", 0, 0, 0, 0, 36, 0, 0, 0, 0, 1, 37
"/Users/fgrimm/Desktop/CODE/sb-silverweb-beta/public/flags/in.svg", "XML", 0, 0, 0, 0, 25, 0, 0, 0, 0, 1, 26
"/Users/fgrimm/Desktop/CODE/sb-silverweb-beta/public/flags/io.svg", "XML", 0, 0, 0, 0, 130, 0, 0, 0, 0, 1, 131
"/Users/fgrimm/Desktop/CODE/sb-silverweb-beta/public/flags/iq.svg", "XML", 0, 0, 0, 0, 10, 0, 0, 0, 0, 1, 11
"/Users/fgrimm/Desktop/CODE/sb-silverweb-beta/public/flags/ir.svg", "XML", 0, 0, 0, 0, 219, 0, 0, 0, 0, 1, 220
"/Users/fgrimm/Desktop/CODE/sb-silverweb-beta/public/flags/is.svg", "XML", 0, 0, 0, 0, 12, 0, 0, 0, 0, 1, 13
"/Users/fgrimm/Desktop/CODE/sb-silverweb-beta/public/flags/it.svg", "XML", 0, 0, 0, 0, 7, 0, 0, 0, 0, 1, 8
"/Users/fgrimm/Desktop/CODE/sb-silverweb-beta/public/flags/je.svg", "XML", 0, 0, 0, 0, 45, 0, 0, 0, 0, 1, 46
"/Users/fgrimm/Desktop/CODE/sb-silverweb-beta/public/flags/jm.svg", "XML", 0, 0, 0, 0, 8, 0, 0, 0, 0, 1, 9
"/Users/fgrimm/Desktop/CODE/sb-silverweb-beta/public/flags/jo.svg", "XML", 0, 0, 0, 0, 16, 0, 0, 0, 0, 1, 17
"/Users/fgrimm/Desktop/CODE/sb-silverweb-beta/public/flags/jp.svg", "XML", 0, 0, 0, 0, 11, 0, 0, 0, 0, 1, 12
"/Users/fgrimm/Desktop/CODE/sb-silverweb-beta/public/flags/ke.svg", "XML", 0, 0, 0, 0, 23, 0, 0, 0, 0, 1, 24
"/Users/fgrimm/Desktop/CODE/sb-silverweb-beta/public/flags/kg.svg", "XML", 0, 0, 0, 0, 15, 0, 0, 0, 0, 1, 16
"/Users/fgrimm/Desktop/CODE/sb-silverweb-beta/public/flags/kh.svg", "XML", 0, 0, 0, 0, 61, 0, 0, 0, 0, 1, 62
"/Users/fgrimm/Desktop/CODE/sb-silverweb-beta/public/flags/ki.svg", "XML", 0, 0, 0, 0, 36, 0, 0, 0, 0, 1, 37
"/Users/fgrimm/Desktop/CODE/sb-silverweb-beta/public/flags/km.svg", "XML", 0, 0, 0, 0, 16, 0, 0, 0, 0, 1, 17
"/Users/fgrimm/Desktop/CODE/sb-silverweb-beta/public/flags/kn.svg", "XML", 0, 0, 0, 0, 14, 0, 0, 0, 0, 1, 15
"/Users/fgrimm/Desktop/CODE/sb-silverweb-beta/public/flags/kp.svg", "XML", 0, 0, 0, 0, 15, 0, 0, 0, 0, 1, 16
"/Users/fgrimm/Desktop/CODE/sb-silverweb-beta/public/flags/kr.svg", "XML", 0, 0, 0, 0, 24, 0, 0, 0, 0, 1, 25
"/Users/fgrimm/Desktop/CODE/sb-silverweb-beta/public/flags/kw.svg", "XML", 0, 0, 0, 0, 13, 0, 0, 0, 0, 1, 14
"/Users/fgrimm/Desktop/CODE/sb-silverweb-beta/public/flags/ky.svg", "XML", 0, 0, 0, 0, 109, 0, 0, 0, 0, 1, 110
"/Users/fgrimm/Desktop/CODE/sb-silverweb-beta/public/flags/kz.svg", "XML", 0, 0, 0, 0, 36, 0, 0, 0, 0, 1, 37
"/Users/fgrimm/Desktop/CODE/sb-silverweb-beta/public/flags/la.svg", "XML", 0, 0, 0, 0, 12, 0, 0, 0, 0, 1, 13
"/Users/fgrimm/Desktop/CODE/sb-silverweb-beta/public/flags/lb.svg", "XML", 0, 0, 0, 0, 15, 0, 0, 0, 0, 1, 16
"/Users/fgrimm/Desktop/CODE/sb-silverweb-beta/public/flags/lc.svg", "XML", 0, 0, 0, 0, 8, 0, 0, 0, 0, 1, 9
"/Users/fgrimm/Desktop/CODE/sb-silverweb-beta/public/flags/li.svg", "XML", 0, 0, 0, 0, 43, 0, 0, 0, 0, 1, 44
"/Users/fgrimm/Desktop/CODE/sb-silverweb-beta/public/flags/lk.svg", "XML", 0, 0, 0, 0, 22, 0, 0, 0, 0, 1, 23
"/Users/fgrimm/Desktop/CODE/sb-silverweb-beta/public/flags/lr.svg", "XML", 0, 0, 0, 0, 14, 0, 0, 0, 0, 1, 15
"/Users/fgrimm/Desktop/CODE/sb-silverweb-beta/public/flags/ls.svg", "XML", 0, 0, 0, 0, 8, 0, 0, 0, 0, 1, 9
"/Users/fgrimm/Desktop/CODE/sb-silverweb-beta/public/flags/lt.svg", "XML", 0, 0, 0, 0, 7, 0, 0, 0, 0, 1, 8
"/Users/fgrimm/Desktop/CODE/sb-silverweb-beta/public/flags/lu.svg", "XML", 0, 0, 0, 0, 5, 0, 0, 0, 0, 1, 6
"/Users/fgrimm/Desktop/CODE/sb-silverweb-beta/public/flags/lv.svg", "XML", 0, 0, 0, 0, 6, 0, 0, 0, 0, 1, 7
"/Users/fgrimm/Desktop/CODE/sb-silverweb-beta/public/flags/ly.svg", "XML", 0, 0, 0, 0, 13, 0, 0, 0, 0, 1, 14
"/Users/fgrimm/Desktop/CODE/sb-silverweb-beta/public/flags/ma.svg", "XML", 0, 0, 0, 0, 4, 0, 0, 0, 0, 1, 5
"/Users/fgrimm/Desktop/CODE/sb-silverweb-beta/public/flags/mc.svg", "XML", 0, 0, 0, 0, 6, 0, 0, 0, 0, 1, 7
"/Users/fgrimm/Desktop/CODE/sb-silverweb-beta/public/flags/md.svg", "XML", 0, 0, 0, 0, 70, 0, 0, 0, 0, 1, 71
"/Users/fgrimm/Desktop/CODE/sb-silverweb-beta/public/flags/me.svg", "XML", 0, 0, 0, 0, 116, 0, 0, 0, 0, 1, 117
"/Users/fgrimm/Desktop/CODE/sb-silverweb-beta/public/flags/mf.svg", "XML", 0, 0, 0, 0, 5, 0, 0, 0, 0, 1, 6
"/Users/fgrimm/Desktop/CODE/sb-silverweb-beta/public/flags/mg.svg", "XML", 0, 0, 0, 0, 7, 0, 0, 0, 0, 1, 8
"/Users/fgrimm/Desktop/CODE/sb-silverweb-beta/public/flags/mh.svg", "XML", 0, 0, 0, 0, 7, 0, 0, 0, 0, 1, 8
"/Users/fgrimm/Desktop/CODE/sb-silverweb-beta/public/flags/mk.svg", "XML", 0, 0, 0, 0, 5, 0, 0, 0, 0, 1, 6
"/Users/fgrimm/Desktop/CODE/sb-silverweb-beta/public/flags/ml.svg", "XML", 0, 0, 0, 0, 7, 0, 0, 0, 0, 1, 8
"/Users/fgrimm/Desktop/CODE/sb-silverweb-beta/public/flags/mm.svg", "XML", 0, 0, 0, 0, 12, 0, 0, 0, 0, 1, 13
"/Users/fgrimm/Desktop/CODE/sb-silverweb-beta/public/flags/mn.svg", "XML", 0, 0, 0, 0, 14, 0, 0, 0, 0, 1, 15
"/Users/fgrimm/Desktop/CODE/sb-silverweb-beta/public/flags/mo.svg", "XML", 0, 0, 0, 0, 9, 0, 0, 0, 0, 1, 10
"/Users/fgrimm/Desktop/CODE/sb-silverweb-beta/public/flags/mp.svg", "XML", 0, 0, 0, 0, 86, 0, 0, 0, 0, 1, 87
"/Users/fgrimm/Desktop/CODE/sb-silverweb-beta/public/flags/mr.svg", "XML", 0, 0, 0, 0, 6, 0, 0, 0, 0, 1, 7
"/Users/fgrimm/Desktop/CODE/sb-silverweb-beta/public/flags/ms.svg", "XML", 0, 0, 0, 0, 33, 0, 0, 0, 0, 1, 34
"/Users/fgrimm/Desktop/CODE/sb-silverweb-beta/public/flags/mt.svg", "XML", 0, 0, 0, 0, 49, 0, 0, 0, 0, 1, 50
"/Users/fgrimm/Desktop/CODE/sb-silverweb-beta/public/flags/mu.svg", "XML", 0, 0, 0, 0, 8, 0, 0, 0, 0, 1, 9
"/Users/fgrimm/Desktop/CODE/sb-silverweb-beta/public/flags/mv.svg", "XML", 0, 0, 0, 0, 6, 0, 0, 0, 0, 1, 7
"/Users/fgrimm/Desktop/CODE/sb-silverweb-beta/public/flags/mw.svg", "XML", 0, 0, 0, 0, 10, 0, 0, 0, 0, 1, 11
"/Users/fgrimm/Desktop/CODE/sb-silverweb-beta/public/flags/mx.svg", "XML", 0, 0, 0, 0, 382, 0, 0, 0, 0, 1, 383
"/Users/fgrimm/Desktop/CODE/sb-silverweb-beta/public/flags/my.svg", "XML", 0, 0, 0, 0, 26, 0, 0, 0, 0, 1, 27
"/Users/fgrimm/Desktop/CODE/sb-silverweb-beta/public/flags/mz.svg", "XML", 0, 0, 0, 0, 21, 0, 0, 0, 0, 1, 22
"/Users/fgrimm/Desktop/CODE/sb-silverweb-beta/public/flags/na.svg", "XML", 0, 0, 0, 0, 16, 0, 0, 0, 0, 1, 17
"/Users/fgrimm/Desktop/CODE/sb-silverweb-beta/public/flags/nc.svg", "XML", 0, 0, 0, 0, 13, 0, 0, 0, 0, 1, 14
"/Users/fgrimm/Desktop/CODE/sb-silverweb-beta/public/flags/ne.svg", "XML", 0, 0, 0, 0, 6, 0, 0, 0, 0, 1, 7
"/Users/fgrimm/Desktop/CODE/sb-silverweb-beta/public/flags/ng.svg", "XML", 0, 0, 0, 0, 6, 0, 0, 0, 0, 1, 7
"/Users/fgrimm/Desktop/CODE/sb-silverweb-beta/public/flags/ni.svg", "XML", 0, 0, 0, 0, 129, 0, 0, 0, 0, 1, 130
"/Users/fgrimm/Desktop/CODE/sb-silverweb-beta/public/flags/nl.svg", "XML", 0, 0, 0, 0, 5, 0, 0, 0, 0, 1, 6
"/Users/fgrimm/Desktop/CODE/sb-silverweb-beta/public/flags/no.svg", "XML", 0, 0, 0, 0, 7, 0, 0, 0, 0, 1, 8
"/Users/fgrimm/Desktop/CODE/sb-silverweb-beta/public/flags/np.svg", "XML", 0, 0, 0, 0, 13, 0, 0, 0, 0, 1, 14
"/Users/fgrimm/Desktop/CODE/sb-silverweb-beta/public/flags/nr.svg", "XML", 0, 0, 0, 0, 12, 0, 0, 0, 0, 1, 13
"/Users/fgrimm/Desktop/CODE/sb-silverweb-beta/public/flags/nu.svg", "XML", 0, 0, 0, 0, 10, 0, 0, 0, 0, 1, 11
"/Users/fgrimm/Desktop/CODE/sb-silverweb-beta/public/flags/nz.svg", "XML", 0, 0, 0, 0, 36, 0, 0, 0, 0, 1, 37
"/Users/fgrimm/Desktop/CODE/sb-silverweb-beta/public/flags/om.svg", "XML", 0, 0, 0, 0, 115, 0, 0, 0, 0, 1, 116
"/Users/fgrimm/Desktop/CODE/sb-silverweb-beta/public/flags/pa.svg", "XML", 0, 0, 0, 0, 14, 0, 0, 0, 0, 1, 15
"/Users/fgrimm/Desktop/CODE/sb-silverweb-beta/public/flags/pe.svg", "XML", 0, 0, 0, 0, 244, 0, 0, 0, 0, 1, 245
"/Users/fgrimm/Desktop/CODE/sb-silverweb-beta/public/flags/pf.svg", "XML", 0, 0, 0, 0, 19, 0, 0, 0, 0, 1, 20
"/Users/fgrimm/Desktop/CODE/sb-silverweb-beta/public/flags/pg.svg", "XML", 0, 0, 0, 0, 9, 0, 0, 0, 0, 1, 10
"/Users/fgrimm/Desktop/CODE/sb-silverweb-beta/public/flags/ph.svg", "XML", 0, 0, 0, 0, 6, 0, 0, 0, 0, 1, 7
"/Users/fgrimm/Desktop/CODE/sb-silverweb-beta/public/flags/pk.svg", "XML", 0, 0, 0, 0, 15, 0, 0, 0, 0, 1, 16
"/Users/fgrimm/Desktop/CODE/sb-silverweb-beta/public/flags/pl.svg", "XML", 0, 0, 0, 0, 6, 0, 0, 0, 0, 1, 7
"/Users/fgrimm/Desktop/CODE/sb-silverweb-beta/public/flags/pm.svg", "XML", 0, 0, 0, 0, 5, 0, 0, 0, 0, 1, 6
"/Users/fgrimm/Desktop/CODE/sb-silverweb-beta/public/flags/pn.svg", "XML", 0, 0, 0, 0, 53, 0, 0, 0, 0, 1, 54
"/Users/fgrimm/Desktop/CODE/sb-silverweb-beta/public/flags/pr.svg", "XML", 0, 0, 0, 0, 13, 0, 0, 0, 0, 1, 14
"/Users/fgrimm/Desktop/CODE/sb-silverweb-beta/public/flags/ps.svg", "XML", 0, 0, 0, 0, 15, 0, 0, 0, 0, 1, 16
"/Users/fgrimm/Desktop/CODE/sb-silverweb-beta/public/flags/pt.svg", "XML", 0, 0, 0, 0, 57, 0, 0, 0, 0, 1, 58
"/Users/fgrimm/Desktop/CODE/sb-silverweb-beta/public/flags/pw.svg", "XML", 0, 0, 0, 0, 11, 0, 0, 0, 0, 1, 12
"/Users/fgrimm/Desktop/CODE/sb-silverweb-beta/public/flags/py.svg", "XML", 0, 0, 0, 0, 157, 0, 0, 0, 0, 1, 158
"/Users/fgrimm/Desktop/CODE/sb-silverweb-beta/public/flags/qa.svg", "XML", 0, 0, 0, 0, 4, 0, 0, 0, 0, 1, 5
"/Users/fgrimm/Desktop/CODE/sb-silverweb-beta/public/flags/re.svg", "XML", 0, 0, 0, 0, 5, 0, 0, 0, 0, 1, 6
"/Users/fgrimm/Desktop/CODE/sb-silverweb-beta/public/flags/ro.svg", "XML", 0, 0, 0, 0, 7, 0, 0, 0, 0, 1, 8
"/Users/fgrimm/Desktop/CODE/sb-silverweb-beta/public/flags/rs.svg", "XML", 0, 0, 0, 0, 292, 0, 0, 0, 0, 1, 293
"/Users/fgrimm/Desktop/CODE/sb-silverweb-beta/public/flags/ru.svg", "XML", 0, 0, 0, 0, 7, 0, 0, 0, 0, 1, 8
"/Users/fgrimm/Desktop/CODE/sb-silverweb-beta/public/flags/rw.svg", "XML", 0, 0, 0, 0, 13, 0, 0, 0, 0, 1, 14
"/Users/fgrimm/Desktop/CODE/sb-silverweb-beta/public/flags/sa.svg", "XML", 0, 0, 0, 0, 26, 0, 0, 0, 0, 1, 27
"/Users/fgrimm/Desktop/CODE/sb-silverweb-beta/public/flags/sb.svg", "XML", 0, 0, 0, 0, 13, 0, 0, 0, 0, 1, 14
"/Users/fgrimm/Desktop/CODE/sb-silverweb-beta/public/flags/sc.svg", "XML", 0, 0, 0, 0, 7, 0, 0, 0, 0, 1, 8
"/Users/fgrimm/Desktop/CODE/sb-silverweb-beta/public/flags/sd.svg", "XML", 0, 0, 0, 0, 13, 0, 0, 0, 0, 1, 14
"/Users/fgrimm/Desktop/CODE/sb-silverweb-beta/public/flags/se.svg", "XML", 0, 0, 0, 0, 4, 0, 0, 0, 0, 1, 5
"/Users/fgrimm/Desktop/CODE/sb-silverweb-beta/public/flags/sg.svg", "XML", 0, 0, 0, 0, 13, 0, 0, 0, 0, 1, 14
"/Users/fgrimm/Desktop/CODE/sb-silverweb-beta/public/flags/sh.svg", "XML", 0, 0, 0, 0, 76, 0, 0, 0, 0, 1, 77
"/Users/fgrimm/Desktop/CODE/sb-silverweb-beta/public/flags/si.svg", "XML", 0, 0, 0, 0, 18, 0, 0, 0, 0, 1, 19
"/Users/fgrimm/Desktop/CODE/sb-silverweb-beta/public/flags/sj.svg", "XML", 0, 0, 0, 0, 7, 0, 0, 0, 0, 1, 8
"/Users/fgrimm/Desktop/CODE/sb-silverweb-beta/public/flags/sk.svg", "XML", 0, 0, 0, 0, 9, 0, 0, 0, 0, 1, 10
"/Users/fgrimm/Desktop/CODE/sb-silverweb-beta/public/flags/sl.svg", "XML", 0, 0, 0, 0, 7, 0, 0, 0, 0, 1, 8
"/Users/fgrimm/Desktop/CODE/sb-silverweb-beta/public/flags/sm.svg", "XML", 0, 0, 0, 0, 75, 0, 0, 0, 0, 1, 76
"/Users/fgrimm/Desktop/CODE/sb-silverweb-beta/public/flags/sn.svg", "XML", 0, 0, 0, 0, 8, 0, 0, 0, 0, 1, 9
"/Users/fgrimm/Desktop/CODE/sb-silverweb-beta/public/flags/so.svg", "XML", 0, 0, 0, 0, 11, 0, 0, 0, 0, 1, 12
"/Users/fgrimm/Desktop/CODE/sb-silverweb-beta/public/flags/sr.svg", "XML", 0, 0, 0, 0, 6, 0, 0, 0, 0, 1, 7
"/Users/fgrimm/Desktop/CODE/sb-silverweb-beta/public/flags/ss.svg", "XML", 0, 0, 0, 0, 8, 0, 0, 0, 0, 1, 9
"/Users/fgrimm/Desktop/CODE/sb-silverweb-beta/public/flags/st.svg", "XML", 0, 0, 0, 0, 16, 0, 0, 0, 0, 1, 17
"/Users/fgrimm/Desktop/CODE/sb-silverweb-beta/public/flags/sv.svg", "XML", 0, 0, 0, 0, 594, 0, 0, 0, 0, 1, 595
"/Users/fgrimm/Desktop/CODE/sb-silverweb-beta/public/flags/sx.svg", "XML", 0, 0, 0, 0, 56, 0, 0, 0, 0, 1, 57
"/Users/fgrimm/Desktop/CODE/sb-silverweb-beta/public/flags/sy.svg", "XML", 0, 0, 0, 0, 6, 0, 0, 0, 0, 1, 7
"/Users/fgrimm/Desktop/CODE/sb-silverweb-beta/public/flags/sz.svg", "XML", 0, 0, 0, 0, 34, 0, 0, 0, 0, 1, 35
"/Users/fgrimm/Desktop/CODE/sb-silverweb-beta/public/flags/tc.svg", "XML", 0, 0, 0, 0, 50, 0, 0, 0, 0, 1, 51
"/Users/fgrimm/Desktop/CODE/sb-silverweb-beta/public/flags/td.svg", "XML", 0, 0, 0, 0, 7, 0, 0, 0, 0, 1, 8
"/Users/fgrimm/Desktop/CODE/sb-silverweb-beta/public/flags/tg.svg", "XML", 0, 0, 0, 0, 14, 0, 0, 0, 0, 1, 15
"/Users/fgrimm/Desktop/CODE/sb-silverweb-beta/public/flags/th.svg", "XML", 0, 0, 0, 0, 7, 0, 0, 0, 0, 1, 8
"/Users/fgrimm/Desktop/CODE/sb-silverweb-beta/public/flags/tj.svg", "XML", 0, 0, 0, 0, 22, 0, 0, 0, 0, 1, 23
"/Users/fgrimm/Desktop/CODE/sb-silverweb-beta/public/flags/tk.svg", "XML", 0, 0, 0, 0, 5, 0, 0, 0, 0, 1, 6
"/Users/fgrimm/Desktop/CODE/sb-silverweb-beta/public/flags/tl.svg", "XML", 0, 0, 0, 0, 13, 0, 0, 0, 0, 1, 14
"/Users/fgrimm/Desktop/CODE/sb-silverweb-beta/public/flags/tm.svg", "XML", 0, 0, 0, 0, 205, 0, 0, 0, 0, 1, 206
"/Users/fgrimm/Desktop/CODE/sb-silverweb-beta/public/flags/tn.svg", "XML", 0, 0, 0, 0, 4, 0, 0, 0, 0, 0, 4
"/Users/fgrimm/Desktop/CODE/sb-silverweb-beta/public/flags/to.svg", "XML", 0, 0, 0, 0, 10, 0, 0, 0, 0, 1, 11
"/Users/fgrimm/Desktop/CODE/sb-silverweb-beta/public/flags/tr.svg", "XML", 0, 0, 0, 0, 8, 0, 0, 0, 0, 1, 9
"/Users/fgrimm/Desktop/CODE/sb-silverweb-beta/public/flags/tt.svg", "XML", 0, 0, 0, 0, 5, 0, 0, 0, 0, 1, 6
"/Users/fgrimm/Desktop/CODE/sb-silverweb-beta/public/flags/tv.svg", "XML", 0, 0, 0, 0, 9, 0, 0, 0, 0, 1, 10
"/Users/fgrimm/Desktop/CODE/sb-silverweb-beta/public/flags/tw.svg", "XML", 0, 0, 0, 0, 34, 0, 0, 0, 0, 1, 35
"/Users/fgrimm/Desktop/CODE/sb-silverweb-beta/public/flags/tz.svg", "XML", 0, 0, 0, 0, 13, 0, 0, 0, 0, 1, 14
"/Users/fgrimm/Desktop/CODE/sb-silverweb-beta/public/flags/ua.svg", "XML", 0, 0, 0, 0, 6, 0, 0, 0, 0, 1, 7
"/Users/fgrimm/Desktop/CODE/sb-silverweb-beta/public/flags/ug.svg", "XML", 0, 0, 0, 0, 30, 0, 0, 0, 0, 1, 31
"/Users/fgrimm/Desktop/CODE/sb-silverweb-beta/public/flags/us.svg", "XML", 0, 0, 0, 0, 9, 0, 0, 0, 0, 0, 9
"/Users/fgrimm/Desktop/CODE/sb-silverweb-beta/public/flags/uy.svg", "XML", 0, 0, 0, 0, 28, 0, 0, 0, 0, 1, 29
"/Users/fgrimm/Desktop/CODE/sb-silverweb-beta/public/flags/uz.svg", "XML", 0, 0, 0, 0, 30, 0, 0, 0, 0, 1, 31
"/Users/fgrimm/Desktop/CODE/sb-silverweb-beta/public/flags/va.svg", "XML", 0, 0, 0, 0, 479, 0, 0, 0, 0, 1, 480
"/Users/fgrimm/Desktop/CODE/sb-silverweb-beta/public/flags/vc.svg", "XML", 0, 0, 0, 0, 8, 0, 0, 0, 0, 1, 9
"/Users/fgrimm/Desktop/CODE/sb-silverweb-beta/public/flags/ve.svg", "XML", 0, 0, 0, 0, 26, 0, 0, 0, 0, 1, 27
"/Users/fgrimm/Desktop/CODE/sb-silverweb-beta/public/flags/vg.svg", "XML", 0, 0, 0, 0, 63, 0, 0, 0, 0, 1, 64
"/Users/fgrimm/Desktop/CODE/sb-silverweb-beta/public/flags/vi.svg", "XML", 0, 0, 0, 0, 28, 0, 0, 0, 0, 1, 29
"/Users/fgrimm/Desktop/CODE/sb-silverweb-beta/public/flags/vn.svg", "XML", 0, 0, 0, 0, 11, 0, 0, 0, 0, 1, 12
"/Users/fgrimm/Desktop/CODE/sb-silverweb-beta/public/flags/vu.svg", "XML", 0, 0, 0, 0, 21, 0, 0, 0, 0, 1, 22
"/Users/fgrimm/Desktop/CODE/sb-silverweb-beta/public/flags/wf.svg", "XML", 0, 0, 0, 0, 5, 0, 0, 0, 0, 1, 6
"/Users/fgrimm/Desktop/CODE/sb-silverweb-beta/public/flags/ws.svg", "XML", 0, 0, 0, 0, 7, 0, 0, 0, 0, 1, 8
"/Users/fgrimm/Desktop/CODE/sb-silverweb-beta/public/flags/xk.svg", "XML", 0, 0, 0, 0, 8, 0, 0, 0, 0, 1, 9
"/Users/fgrimm/Desktop/CODE/sb-silverweb-beta/public/flags/ye.svg", "XML", 0, 0, 0, 0, 7, 0, 0, 0, 0, 1, 8
"/Users/fgrimm/Desktop/CODE/sb-silverweb-beta/public/flags/yt.svg", "XML", 0, 0, 0, 0, 5, 0, 0, 0, 0, 1, 6
"/Users/fgrimm/Desktop/CODE/sb-silverweb-beta/public/flags/za.svg", "XML", 0, 0, 0, 0, 17, 0, 0, 0, 0, 1, 18
"/Users/fgrimm/Desktop/CODE/sb-silverweb-beta/public/flags/zm.svg", "XML", 0, 0, 0, 0, 27, 0, 0, 0, 0, 1, 28
"/Users/fgrimm/Desktop/CODE/sb-silverweb-beta/public/flags/zw.svg", "XML", 0, 0, 0, 0, 21, 0, 0, 0, 0, 1, 22
"/Users/fgrimm/Desktop/CODE/sb-silverweb-beta/public/icon/browserconfig.xml", "XML", 0, 0, 0, 0, 9, 0, 0, 0, 0, 1, 10
"/Users/fgrimm/Desktop/CODE/sb-silverweb-beta/public/icon/safari-pinned-tab.svg", "XML", 0, 0, 0, 0, 17, 0, 0, 0, 0, 1, 18
"/Users/fgrimm/Desktop/CODE/sb-silverweb-beta/public/icon/site.webmanifest", "JSON", 0, 52, 0, 0, 0, 0, 0, 0, 0, 1, 53
"/Users/fgrimm/Desktop/CODE/sb-silverweb-beta/public/parallax/1.svg", "XML", 0, 0, 0, 0, 10, 0, 0, 0, 0, 1, 11
"/Users/fgrimm/Desktop/CODE/sb-silverweb-beta/public/parallax/2.svg", "XML", 0, 0, 0, 0, 3, 0, 0, 0, 0, 1, 4
"/Users/fgrimm/Desktop/CODE/sb-silverweb-beta/public/parallax/3.svg", "XML", 0, 0, 0, 0, 137, 0, 0, 0, 0, 1, 138
"/Users/fgrimm/Desktop/CODE/sb-silverweb-beta/public/parallax/4.svg", "XML", 0, 0, 0, 0, 111, 0, 0, 0, 0, 1, 112
"/Users/fgrimm/Desktop/CODE/sb-silverweb-beta/public/parallax/5.svg", "XML", 0, 0, 0, 0, 99, 0, 0, 0, 0, 1, 100
"/Users/fgrimm/Desktop/CODE/sb-silverweb-beta/public/parallax/6.svg", "XML", 0, 0, 0, 0, 74, 0, 0, 0, 0, 1, 75
"/Users/fgrimm/Desktop/CODE/sb-silverweb-beta/public/parallax/7.svg", "XML", 0, 0, 0, 0, 17, 0, 0, 0, 0, 1, 18
"/Users/fgrimm/Desktop/CODE/sb-silverweb-beta/public/parallax/Background.svg", "XML", 0, 0, 0, 0, 68, 0, 0, 0, 0, 1, 69
"/Users/fgrimm/Desktop/CODE/sb-silverweb-beta/public/svg/fallback_icon.svg", "XML", 0, 0, 0, 0, 5, 0, 0, 0, 0, 0, 5
"/Users/fgrimm/Desktop/CODE/sb-silverweb-beta/stories/Homepage/burgermenuicon.stories.tsx", "TypeScript JSX", 0, 0, 0, 22, 0, 0, 0, 0, 2, 7, 31
"/Users/fgrimm/Desktop/CODE/sb-silverweb-beta/stories/Homepage/cobe.stories.tsx", "TypeScript JSX", 0, 0, 0, 12, 0, 0, 0, 0, 0, 6, 18
"/Users/fgrimm/Desktop/CODE/sb-silverweb-beta/stories/Homepage/footer.stories.tsx", "TypeScript JSX", 0, 0, 0, 12, 0, 0, 0, 0, 0, 6, 18
"/Users/fgrimm/Desktop/CODE/sb-silverweb-beta/stories/Homepage/parts/parallax.stories.tsx", "TypeScript JSX", 0, 0, 0, 11, 0, 0, 0, 0, 0, 6, 17
"/Users/fgrimm/Desktop/CODE/sb-silverweb-beta/stories/Homepage/silverback-nav.stories.tsx", "TypeScript JSX", 0, 0, 0, 21, 0, 0, 0, 0, 0, 5, 26
"/Users/fgrimm/Desktop/CODE/sb-silverweb-beta/stories/Homepage/user.stories.tsx", "TypeScript JSX", 0, 0, 0, 45, 0, 0, 0, 0, 0, 5, 50
"/Users/fgrimm/Desktop/CODE/sb-silverweb-beta/stories/SilverWeb/App/form-builder.stories.tsx", "TypeScript JSX", 0, 0, 0, 31, 0, 0, 0, 0, 0, 9, 40
"/Users/fgrimm/Desktop/CODE/sb-silverweb-beta/stories/SilverWeb/App/map.stories.tsx", "TypeScript JSX", 0, 0, 0, 49, 0, 0, 0, 0, 0, 6, 55
"/Users/fgrimm/Desktop/CODE/sb-silverweb-beta/stories/SilverWeb/Cards/businesscard.stories.tsx", "TypeScript JSX", 0, 0, 0, 63, 0, 0, 0, 0, 0, 6, 69
"/Users/fgrimm/Desktop/CODE/sb-silverweb-beta/stories/SilverWeb/Cards/contactcard.stories.tsx", "TypeScript JSX", 0, 0, 0, 58, 0, 0, 0, 0, 0, 6, 64
"/Users/fgrimm/Desktop/CODE/sb-silverweb-beta/stories/SilverWeb/Cards/filecard.stories.tsx", "TypeScript JSX", 0, 0, 0, 31, 0, 0, 0, 0, 0, 6, 37
"/Users/fgrimm/Desktop/CODE/sb-silverweb-beta/stories/SilverWeb/Inputs/checkboxinput.stories.tsx", "TypeScript JSX", 0, 0, 0, 89, 0, 0, 0, 0, 0, 7, 96
"/Users/fgrimm/Desktop/CODE/sb-silverweb-beta/stories/SilverWeb/Inputs/combobox.stories.tsx", "TypeScript JSX", 0, 0, 0, 116, 0, 0, 0, 0, 0, 10, 126
"/Users/fgrimm/Desktop/CODE/sb-silverweb-beta/stories/SilverWeb/Inputs/datepicker.stories.tsx", "TypeScript JSX", 0, 0, 0, 73, 0, 0, 0, 0, 0, 11, 84
"/Users/fgrimm/Desktop/CODE/sb-silverweb-beta/stories/SilverWeb/Inputs/daterangepicker.stories.tsx", "TypeScript JSX", 0, 0, 0, 78, 0, 0, 0, 0, 0, 11, 89
"/Users/fgrimm/Desktop/CODE/sb-silverweb-beta/stories/SilverWeb/Inputs/emailinput.stories.tsx", "TypeScript JSX", 0, 0, 0, 79, 0, 0, 0, 0, 0, 9, 88
"/Users/fgrimm/Desktop/CODE/sb-silverweb-beta/stories/SilverWeb/Inputs/fileuploader.stories.tsx", "TypeScript JSX", 0, 0, 0, 87, 0, 0, 0, 0, 0, 8, 95
"/Users/fgrimm/Desktop/CODE/sb-silverweb-beta/stories/SilverWeb/Inputs/numberinput.stories.tsx", "TypeScript JSX", 0, 0, 0, 77, 0, 0, 0, 0, 0, 12, 89
"/Users/fgrimm/Desktop/CODE/sb-silverweb-beta/stories/SilverWeb/Inputs/passwordinput.stories.tsx", "TypeScript JSX", 0, 0, 0, 79, 0, 0, 0, 0, 0, 10, 89
"/Users/fgrimm/Desktop/CODE/sb-silverweb-beta/stories/SilverWeb/Inputs/phoneinput.stories.tsx", "TypeScript JSX", 0, 0, 0, 77, 0, 0, 0, 0, 0, 11, 88
"/Users/fgrimm/Desktop/CODE/sb-silverweb-beta/stories/SilverWeb/Inputs/radioinput.stories.tsx", "TypeScript JSX", 0, 0, 0, 93, 0, 0, 0, 0, 0, 6, 99
"/Users/fgrimm/Desktop/CODE/sb-silverweb-beta/stories/SilverWeb/Inputs/textareainput.stories.tsx", "TypeScript JSX", 0, 0, 0, 68, 0, 0, 0, 0, 0, 9, 77
"/Users/fgrimm/Desktop/CODE/sb-silverweb-beta/stories/SilverWeb/Inputs/textinput.stories.tsx", "TypeScript JSX", 0, 0, 0, 77, 0, 0, 0, 0, 0, 10, 87
"/Users/fgrimm/Desktop/CODE/sb-silverweb-beta/stories/SilverWeb/UI/navbar.stories.tsx", "TypeScript JSX", 0, 0, 0, 20, 0, 0, 0, 0, 0, 6, 26
"/Users/fgrimm/Desktop/CODE/sb-silverweb-beta/tailwind.config.ts", "TypeScript", 0, 0, 0, 0, 0, 78, 0, 0, 1, 0, 79
"/Users/fgrimm/Desktop/CODE/sb-silverweb-beta/tsconfig.json", "JSON with Comments", 0, 0, 34, 0, 0, 0, 0, 0, 7, 1, 42
"Total", "-", 8, 21414, 41, 9182, 10800, 383, 23, 222, 156, 932, 43161